{"cameraMode":{"drawMode":0,"name":"Shaded","section":"Shading Mode"},"sceneLighting":false,"audioPlay":false,"sceneViewState":{"showFog":true,"showMaterialUpdate":false,"showSkybox":false,"showFlares":true,"showImageEffects":true,"showParticleSystems":true},"in2DMode":false,"pivot":{"x":-5.5484299659729,"y":0.5324509143829346,"z":256.883544921875},"rotation":{"x":0.3261847496032715,"y":0.3693923056125641,"z":-0.1403072625398636,"w":0.858758807182312},"size":40.932037353515628,"orthographic":false}