{"cameraMode":{"drawMode":0,"name":"Shaded","section":"Shading Mode"},"sceneLighting":true,"audioPlay":false,"sceneViewState":{"showFog":true,"showMaterialUpdate":false,"showSkybox":true,"showFlares":true,"showImageEffects":true,"showParticleSystems":true},"in2DMode":false,"pivot":{"x":55.846134185791019,"y":12.09280776977539,"z":3.099353075027466},"rotation":{"x":0.2972584664821625,"y":-0.39311134815216067,"z":0.13596932590007783,"w":0.8594261407852173},"size":79.70293426513672,"orthographic":true}